{
    "N": 1.136097174808354,
    "IS": 6.696202769383323e-25,
    "RS": 124.61315820438162
}