va_test,ia_meas_test
0.64,1e-12
0.72,-1e-12
1.0,3.41e-10
1.52,0.000698152
1.56,9.63296e-06
1.68,0.0018488
1.8,2.7933900000000004e-05
1.92,0.00374548
