{
    "N": 1.1382676879690778,
    "IS": 7.59368108782344e-25,
    "RS": 127.88248338407426
}