va_test,ia_meas_test
0.64,1e-12
0.72,-1e-12
1.0,3.41e-10
1.52,0.000698152
1.56,0.000963296
1.68,0.0018488
1.8,0.00279339
1.92,0.00374548
