{
    "RTH0": 31.914230143968243,
    "VOFF": -1.959181411549519,
    "NFACTOR": 0.45710071428593113,
    "U0": 0.29184937426123886,
    "UA": 1.0014486934091241e-07,
    "UB": 4.948471724341398e-20,
    "VSAT": 212856.77397048206,
    "LAMBDA": 0.001107440056897729,
    "UTE": -0.35257684939883677,
    "ETA0": 0.05269409523341165,
    "VDSCALE": 4.309195180822815,
    "CDSCD": 0.0566234151604123,
    "RSC": 0.0004928660375321983,
    "RDC": 0.0004912572280184943,
    "DELTA": 2.2529952901036485,
    "THESAT": 1.475053703666536,
    "NJGD": 8.336886374385873,
    "RNJGD": 28.18547892968747,
    "IGDDIO": 9.402406534383955,
    "RIGDDIO": 7.31162201443588e-08,
    "NJGS": 15.031472649567117,
    "RNJGS": 6.6526363682745835,
    "IGSDIO": 6.44649810775604,
    "RIGSDIO": 2.5984880852022695e-08,
    "VSATACCS": 17687.230774146,
    "NS0ACCS": 1.4286007938504957e+18,
    "NS0ACCD": 3.465971447680371e+20,
    "U0ACCS": 0.16115449734658394,
    "U0ACCD": 0.07864554424103593,
    "MEXPACCS": 3.997618100903869,
    "MEXPACCD": 3.03116570704363,
    "IMIN": 5.578741792334511e-13,
    "GDSMIN": 6.07940965564754e-07,
    "UTES": -8.770341647906951,
    "UTED": -15.316105362189155
}