{
  "RTH0": 32.14132095283724,
  "VOFF": -1.969760841787141,
  "NFACTOR": 0.4900349810213129,
  "U0": 0.2672817358021035,
  "UA": 1.0919866493273292e-07,
  "UB": 2.34992500115689e-19,
  "VSAT": 200260.19463990538,
  "LAMBDA": 0.0011175565907675976,
  "UTE": -0.6287874946856816,
  "ETA0": 0.04758592797771669,
  "VDSCALE": 4.749386526632942,
  "CDSCD": 0.052543884551718906,
  "RSC": 0.0004002900460738801,
  "RDC": 0.0004162725179793408,
  "DELTA": 2.5014612069656414,
  "THESAT": 1.2063541270898506,
  "NJGD": 9.590137755018617,
  "RNJGD": 22.322157010587414,
  "IGDDIO": 11.232293759131256,
  "RIGDDIO": 1.8401868465218783e-08,
  "NJGS": 16.480886649019077,
  "RNJGS": 6.538646689005136,
  "IGSDIO": 2.9610539965440448,
  "RIGSDIO": 6.825802050465264e-08,
  "VSATACCS": 68336.1903820547,
  "NS0ACCS": 9.082499858590795e+19,
  "NS0ACCD": 2.911597501486136e+18,
  "U0ACCS": 0.07870782623745198,
  "U0ACCD": 0.06304172616796352,
  "MEXPACCS": 2.881198631598361,
  "MEXPACCD": 2.550683028111979,
  "IMIN": 1.6296268687248523e-15,
  "GDSMIN": 1.8114057061797583e-07,
  "UTES": -16.088805844541437,
  "UTED": -6.26736801175016
}
