{
    "N": 1.1372509748984276,
    "IS": 7.061641280303941e-25,
    "RS": 126.9715955405297
}