{
    "RTH0": 32.03232299865337,
    "VOFF": -2.0781597064884685,
    "NFACTOR": 0.45178597914317525,
    "U0": 0.277567303337516,
    "UA": 3.1945104887080955e-08,
    "UB": 2.5604753099842255e-20,
    "VSAT": 220326.5401723867,
    "LAMBDA": 0.0014638150488465898,
    "UTE": -0.22785743088680024,
    "ETA0": 0.021001424750921746,
    "VDSCALE": 5.517882024339706,
    "CDSCD": 0.09907661165498272,
    "RSC": 0.00010000456185952368,
    "RDC": 0.00026116588249185867,
    "DELTA": 4.120113951585595,
    "THESAT": 2.963769754146945,
    "NJGD": 15.815561380602688,
    "RNJGD": 17.781885968631347,
    "IGDDIO": 8.823837976586134,
    "RIGDDIO": 2.4628422449569364e-08,
    "NJGS": 18.782362653663743,
    "RNJGS": 8.996487324536153,
    "IGSDIO": 5.728001393276716,
    "RIGSDIO": 3.5537320263737603e-08,
    "VSATACCS": 149972.91907110388,
    "NS0ACCS": 4.50115137387168e+20,
    "NS0ACCD": 5.777937829050211e+18,
    "U0ACCS": 0.10440113301079362,
    "U0ACCD": 0.16296357850417437,
    "MEXPACCS": 2.3487362957993363,
    "MEXPACCD": 2.7343461175508104,
    "IMIN": 5.941828930966996e-13,
    "GDSMIN": 9.72055937465415e-07,
    "UTES": -6.5715983466303225,
    "UTED": -12.791752246270596
}