{
  "RTH0": 32.06558941009999,
  "VOFF": -1.9725805521001325,
  "NFACTOR": 0.4899497341997726,
  "U0": 0.2691411530261244,
  "UA": 1.1943003662475917e-07,
  "UB": 3.241759548157044e-20,
  "VSAT": 205543.4390443345,
  "LAMBDA": 0.0014443234970032092,
  "UTE": -0.501771916377278,
  "ETA0": 0.04509209963636858,
  "VDSCALE": 5.385082165625336,
  "CDSCD": 0.0471084291555181,
  "RSC": 0.00039494763844714773,
  "RDC": 0.00041388608292530245,
  "DELTA": 2.7728968101585374,
  "THESAT": 1.1036730837163804,
  "NJGD": 9.065318351868793,
  "RNJGD": 24.835179678195313,
  "IGDDIO": 8.405557503826113,
  "RIGDDIO": 4.162222397807502e-08,
  "NJGS": 14.597171788946158,
  "RNJGS": 7.060976069689239,
  "IGSDIO": 4.698470346977973,
  "RIGSDIO": 3.185926871093623e-08,
  "VSATACCS": 17181.514903809253,
  "NS0ACCS": 3.405677293065404e+18,
  "NS0ACCD": 1.2019678900428577e+20,
  "U0ACCS": 0.15502838811311215,
  "U0ACCD": 0.07785476037918906,
  "MEXPACCS": 2.115658792929485,
  "MEXPACCD": 2.8358822402727895,
  "IMIN": 1.5061649943969625e-13,
  "GDSMIN": 1.764522779781423e-07,
  "UTES": -8.99475753702616,
  "UTED": -17.059007594247404
}
