{
    "N": 1.044662328860821,
    "IS": 1.2051549446035515e-25,
    "RS": 148.9265214838616
}