{
    "N": 1.1291394510495516,
    "IS": 5.270307328982362e-25,
    "RS": 125.07943704824413
}