{
  "RTH0": 32.25483514726312,
  "VOFF": -2.0796547392057674,
  "NFACTOR": 0.2107036402898918,
  "U0": 0.2837445384877196,
  "UA": 4.00929447567871e-08,
  "UB": 3.0533895408553072e-21,
  "VSAT": 217720.64182815654,
  "LAMBDA": 0.0014329210880734671,
  "UTE": -0.48043908496292764,
  "ETA0": 0.027268941367855605,
  "VDSCALE": 4.7706913089390985,
  "CDSCD": 0.10989633252841106,
  "RSC": 0.00012426426194478692,
  "RDC": 0.00019556322263174943,
  "DELTA": 4.904443723989451,
  "THESAT": 2.2976734972992308,
  "NJGD": 14.667539459434268,
  "RNJGD": 18.636720201466662,
  "IGDDIO": 7.9731467332718715,
  "RIGDDIO": 3.564505211856601e-08,
  "NJGS": 18.943511293259814,
  "RNJGS": 8.590045473147793,
  "IGSDIO": 7.482935091215542,
  "RIGSDIO": 2.5745460237741817e-08,
  "VSATACCS": 126957.75271528194,
  "NS0ACCS": 2.26696763268361e+20,
  "NS0ACCD": 8.596906697625518e+18,
  "U0ACCS": 0.1326925802940057,
  "U0ACCD": 0.16288359025081328,
  "MEXPACCS": 3.4970809196125363,
  "MEXPACCD": 1.4945382220852232,
  "IMIN": 7.711362793327444e-13,
  "GDSMIN": 6.022878680830852e-07,
  "UTES": -6.3828371183262,
  "UTED": -11.516398707984093
}
