{
    "N": 1.056256206065957,
    "IS": 1.5152996728557342e-25,
    "RS": 164.96713634693134
}